[The Good Place] What's up, dong bait?,https://gfycat.com/AnimatedVerifiableGnat
[Anna Kendrick] go find the dongs,https://gfycat.com/FaintElasticAmericanavocet
[Jayson Werth] nice meme,https://gfycat.com/HomelyCreamyAmurratsnake
[Jayson Werth] phone 911 witnessed a murder,https://gfycat.com/FondVibrantHousefly
[Fan] electric chair fedora guy,https://gfycat.com/ClearHauntingHoverfly
[Anthony Rendon] 40 year old virgin rendoner,https://gfycat.com/RespectfulThirdBonobo
[Jayson Werth] You right,https://gfycat.com/ArcticAptBellfrog
[Matt Adams] Hey hey hey, it's fat Adams,https://gfycat.com/ContentMadDanishswedishfarmdog
[Jose Lobaton] Fist pump,https://gfycat.com/InfatuatedCooperativeAngelwingmussel
[Fan] Michael A Tater,https://gfycat.com/WebbedFilthyElver
[Max Scherzer] Stalking the mound,https://gfycat.com/AnchoredWhirlwindAppaloosa
[Gio Gonzalez][Bryce Harper]Dance and point,https://gfycat.com/PaltryUnnaturalHornbill
[Bryce Harper] Excited for the MAT grand slam,https://gfycat.com/InformalFearfulDaddylonglegs
[Daniel Murphy] pigeons,https://gfycat.com/PotableDeliciousIsabellineshrike
[Victor Robles] Rally towels,https://gfycat.com/WelcomeTintedAfricanharrierhawk
[Max Scherzer] excited,https://gfycat.com/InformalEnviousIbadanmalimbe
[Ryan Zimmerman] double fist pump,https://gfycat.com/DazzlingGaseousCottonmouth
Robles, Difo & Severino- Rally Towels,http://www.mlb.com/images/5/1/0/257834510/100717_washington_bench_towels_mid.gif
[Bryce Harper] Bat flip,https://gfycat.com/SomberGrotesqueBluebottlejellyfish
Zim! sign,https://gfycat.com/LankyAjarDore
[Bryce Harper] Curtain call and hair flip,https://gfycat.com/SmoggyEducatedHornedtoad
[Adam Lind] [Wilmer Difo] Home run reaction,https://gfycat.com/BruisedMenacingKinkajou
[Bryce Harper] Celebration,https://gfycat.com/AngryFearlessKronosaurus
[Daniel Murphy] Ooh! Yeah yeah yeah yeah yeah yeah. Oh, thank you.,https://imgur.com/jPPW9Qs
[Jayson Werth] Turning cap sideways,https://gfycat.com/CelebratedBossyAyeaye
[Ryan Zimmerman] Frustrated glove flip,https://gfycat.com/ZestyShoddyBagworm
[Jayson Werth] hiding behind his glove,https://gfycat.com/HonorableGlaringBaiji
[Gio Gonzalez] All smiles,https://gfycat.com/BewitchedFemaleHog
[Gio Gonzalez] Happy celebration,https://gfycat.com/HoarseFineFlea
[Gio Gonzalez] Celebration,https://gfycat.com/DefenselessBiodegradableJenny
[Adam Lind] Belly rub,https://gfycat.com/HardTightGar
[Ryan Zimmerman] shaking head,https://gfycat.com/AridSpitefulCrayfish
[Ryan Zimmerman] Yeah, fuck yeah!,https://gfycat.com/CheapNimbleCornsnake
[Jayson Werth] foul call reaction,https://gfycat.com/BountifulNegligibleKawala
[Jayson Werth] Making fun of himself missing a pop up,https://gfycat.com/WearyBleakCockatoo
[Anthony Rendon] Pouring beer down Bryce's butt,https://gfycat.com/InsidiousWelltodoCuscus
[Gio Gonzalez] Point,https://gfycat.com/LittleMilkyGnat
[Ryan Zimmerman] Spit take,https://gfycat.com/ImpressionableThreadbareInsect
[Ryan Zimmerman] Run, Zim, run!,https://gfycat.com/ValuableRemarkableHylaeosaurus
Daniel Murphy Preparing to Bat (X-Post from r/nationals),https://media.giphy.com/media/l1J9yc7SX2NJAJMbu/giphy.gif
[Ryan Zimmerman] FUCK,https://gfycat.com/ThickSleepyCoral
[Jayson Werth] We're getting the band back together,https://gfycat.com/UnhealthyIckyEarwig
[Howie Kendrick] Stare,https://gfycat.com/GrippingDistantElectriceel
[Daniel Murphy] Do you go to FanGraphs at all?,https://gfycat.com/CrazyIlliterateGar
[Mike Maddux] Fuck the DH,https://gfycat.com/FaithfulColdAmericancrow
[Wilmer Difo] Home run celebration with Werth,https://gfycat.com/SourThornyIberianlynx
[Jayson Werth] Bernie celebration,https://gfycat.com/SpeedyWindingIberianchiffchaff
[Jayson Werth] Dusty hug,https://gfycat.com/SoftShinyBoar
[Jayson Werth] Points to camera,https://gfycat.com/SereneCorruptKingfisher
[Fan] Super excited about getting Werth's ball,https://gfycat.com/SkeletalBlueLacewing
[Jayson Werth] Curtain Call,https://gfycat.com/AllOldfashionedDodobird
[Daniel Murphy] Clapping,https://gfycat.com/MassiveUncomfortableChameleon
[Tanner Roark] Getting lost in Doo's eyes,https://gfycat.com/FickleSpectacularHound
[Dan Kolko] Nerf gun fight with Orbit,https://gfycat.com/JaggedFairIndiancow
[Sean Doolittle] [Anthony Rendon] Hey, you're really good,https://gfycat.com/ElaborateFilthyAmericanalligator
[Matt Grace] Not happy,https://gfycat.com/AffectionateHiddenGuernseycow
[Brandon Kintzler] Fired up,https://gfycat.com/SerpentinePoliticalCatbird
[Tanner Roark] god damn it,https://gfycat.com/PhonyPleasantArabianoryx
[Fan] very excited,https://gfycat.com/LegalUnhealthyLeonberger
[Jose Lobaton] [Matt Wieters] cooling off,https://gfycat.com/IckyRepulsiveBlueandgoldmackaw
[Matt Grace] Stare,https://gfycat.com/KnobbyDiscreteDiscus
[Fan] Blowing kisses,https://gfycat.com/HelpfulGeneralDassierat
[Tanner Roark] wow,https://gfycat.com/AnyPalatableBettong
[Gio Gonzalez]Just like *That*,https://gfycat.com/GreatMemorableAmericanwirehair
[Daniel Murphy] Yuck,https://gfycat.com/UnfitSparseJaeger
[Ryan Zimmerman] Damn it,https://gfycat.com/UnsteadyFarawayCoelacanth
[Sean Doolittle] excitement,https://gfycat.com/SandySociableJumpingbean
[Ryan Zimmerman] Shrug,https://gfycat.com/CourteousMadFattaileddunnart
[Ryan Zimmerman] Shrug and grin,https://gfycat.com/AbandonedNastyKarakul
[Dan Kolko] Waving,https://gfycat.com/PowerlessFoolhardyKudu
[Dan Kolko] Hiding under the tarp,https://gfycat.com/AmbitiousBlueCollie
[Dan Firova BP Coach]Cubs homer bullpen dance,http://www.mlb.com/images/0/5/2/246965052/080617_mlb_coach_dancing_med.gif
[Ryan Zimmerman][Erick Fedde] Butt taps,https://gfycat.com/PleasantIndolentKarakul
[Sean Doolittle] Pumped,https://gfycat.com/OrnateSlimAtlanticridleyturtle
[Daniel Murphy] Point,https://gfycat.com/MildShamefulFugu
[Fan] Pizza girl,https://gfycat.com/CarefulImpartialGrasshopper
[Max Scherzer] Ghost high fives,https://gfycat.com/LikableRadiantIndianrockpython
[Fan] Do a little dance,https://gfycat.com/browntenderborderterrier
[Anthony Rendon] sigh,https://gfycat.com/WelldocumentedBelatedKentrosaurus
[Fan] Can't believe it,https://gfycat.com/DownrightSociableFruitfly
[Brian Goodwin] Looking for the longball,https://gfycat.com/DimFloweryGyrfalcon
[Wilmer Difo] Falling over,https://gfycat.com/FlickeringSecondBittern
[Fan] Pumped up kid with fedora,https://gfycat.com/ClearHauntingHoverfly
[Matt Grace] Floppy W,https://gfycat.com/UnacceptableSoreColt
[Rick Schu] Bat Whisperer,https://gfycat.com/DimFineHoki
[Brian Goodwin] Dance,https://gfycat.com/FamiliarHarmoniousDarwinsfox
I'm here to pay my dues as a freshly arrived prospect with something I made to mark the occasion.,https://m.imgur.com/CXqAwSR?r
[Bryce Harper] All star hair flip,https://gfycat.com/LonelySingleIndigowingedparrot
[Dusty Baker] Airball Revolution,https://gfycat.com/ImaginaryGreedyHumpbackwhale
[Daniel Murphy]Murph explaining the ejection,https://gfycat.com/UnrealisticRelievedBrocketdeer
[Fan] Cheering girl,https://gfycat.com/ThoughtfulBoldDolphin
[Bryce Harper] Double point,https://gfycat.com/RashLazyAntarcticgiantpetrel
[Daniel Murphy] wink,https://gfycat.com/ElaborateEnergeticCoelacanth
[Anthony Rendon] clapping,https://gfycat.com/VigorousEcstaticIberianchiffchaff
[Jayson Werth] fuck the DH,https://gfycat.com/UnevenHomelyGrayreefshark
[Anthony Rendon] Explaining how to pitch well,https://gfycat.com/RelievedPastelDegus
[Matt Wieters] Post dinger smile,https://gfycat.com/AggravatingBlackandwhiteChuckwalla
[Michael A Taylor] Thriller,https://gfycat.com/FamousDisfiguredHuemul
[Daniel Murphy] faces,https://gfycat.com/HelpfulHiddenAstrangiacoral
[Jayson Werth] On the phone,https://gfycat.com/UntimelyDistantCockroach
[Trea Turner] Laughing,https://gfycat.com/EagerNarrowAnkolewatusi
[Daniel Murphy] lips,https://gfycat.com/DarlingThriftyKoala
[Jose Lobaton] Goggles v3,https://gfycat.com/CloseYearlyHerculesbeetle
[Fan] [Max Scherzer] Same seats everybody,https://gfycat.com/LongDentalChevrotain
[Stephen Drew] ahhhhhh (excited),https://gfycat.com/IlliterateAncientCrustacean
[Michael A Taylor] O.O staring,https://gfycat.com/WelllitPossibleBoutu
[Matt Grace] yikes,https://gfycat.com/CaringHairyGoshawk
[Brian Goodwin] double point,https://gfycat.com/SillyMiserlyHookersealion
[Trea Turner] [Anthony Rendon] favorite players get a hug,https://gfycat.com/EsteemedLeftAlbacoretuna
[Trea Turner] fudge!,https://gfycat.com/DarlingSlushyGlowworm
[Bullpen] Half-Baked Bullpen,https://gfycat.com/VapidDimpledIcterinewarbler
[Max Scherzer] You're fucking mine you bitch motherfucker,https://gfycat.com/VibrantNimbleIriomotecat
[Ryan Zimmerman]Eye drop, drop top,https://gfycat.com/GlisteningPositiveAnole
[Trea Turner] Chowin down,https://gfycat.com/TatteredAdmiredAmericanratsnake
[Michael A Taylor] That's on me,https://gfycat.com/AnchoredPettyBrant
[Trea Turner] Fist pump,https://gfycat.com/BeneficialLiquidLark
[Team] Office Dance,https://streamable.com/nra5q
[Brian Goodwin][Anthony Rendon] I don't even know...,https://gfycat.com/DeepKindAsianconstablebutterfly
[Max Scherzer] FUCK,https://gfycat.com/HonoredUniformGraysquirrel
[Gio Gonzalez] surprised,https://gfycat.com/LeftAngelicColt
[Murph] agape :O,https://gfycat.com/UnderstatedOffensiveCentipede
[Daniel Murphy] I got it!,https://gfycat.com/WelloffAnchoredHarborseal
[Fan] clapping alone,https://gfycat.com/ReflectingFlamboyantKite
[Tanner Roark] [Bryce Harper] high five,https://gfycat.com/HauntingWelltodoGlowworm
[Anthony Rendon] eeee,https://gfycat.com/SizzlingWastefulBordercollie
[Koda Glover] Showing some excitement with a few choice words,https://gfycat.com/AdvancedVioletBlueandgoldmackaw
[Bryce Harper] Roses growl,https://gfycat.com/HomelyWarmAngora
[Koda Glover] Everyone needs to calm down,https://i.giphy.com/sjNUZGG9QJTwI.mp4
[Joe Ross] smile,https://gfycat.com/TerrificFlusteredCopperhead
[Dan Kolko] umbrella,https://gfycat.com/OnlyWigglyAmoeba
[Bob Carpenter & F.P. Santangelo] Best Common Taters,https://gfycat.com/HideousMintyBernesemountaindog
[Dusty Baker][Michael A Taylor] Dusty disappointed in Michael K,https://gfycat.com/UnlinedJoyousIcelandichorse
[Santangelo] F.P. mic drop,http://i.imgur.com/JKk48dZ.gifv
[Wilmer Difo] ;-),https://gfycat.com/ImprobablePerfectChinchilla
[Max Scherzer] Fuck you, Joe!,https://gfycat.com/DistantVibrantAnophelesmosquito
[Bryce Harper] Shoo!,http://imgur.com/zs0yiVO
[Anthony Rendon] We're good,https://gfycat.com/InformalDelightfulGharial
[Dusty Baker] dusty dance,https://gfycat.com/SereneIckyAntelope
[Fan] high five,https://gfycat.com/LoathsomeHappyIvorybackedwoodswallow
[Max Scherzer] I fucking got him,https://gfycat.com/MarriedSelfassuredBrant
[Michael A Taylor] O.O,https://gfycat.com/QuerulousDefensiveIrishwaterspaniel
[Max Scherzer] Booing in philly with text,https://gfycat.com/PalatablePiercingLacewing
[Anthony Rendon] what?,https://gfycat.com/HighDelayedHornedtoad
[Max Scherzer] fuck him, let's go,https://gfycat.com/TinyNippyBongo
[Max Scherzer] hugging dusty,https://gfycat.com/WarlikeNervousChickadee
[Max Scherzer]Boooooooooooooooooooooo,https://gfycat.com/GracefulUnripeKillerwhale
[Trea Turner] How did you catch that?,https://media.giphy.com/media/dAwISZH8QkV0Y/giphy.gif
[Ryan Zimmerman] clapping,https://gfycat.com/ParchedOnlyBagworm
[Daniel Murphy] Do a barrel roll!,https://gfycat.com/GoldenFarawayKissingbug
[Jacob Turner] point,https://gfycat.com/RapidShimmeringAmericancreamdraft
[Daniel Murphy] laughing to himself,https://gfycat.com/HeavySadIberianchiffchaff
[Ryan Zimmerman] oh my,https://gfycat.com/DecimalOblongBats
[Anthony Rendon] Head drop,https://gfycat.com/FormalTemptingGraywolf
[Daniel Murphy] wince and head shake,https://gfycat.com/InfiniteExcitableBoar
[Fan] dancing,https://gfycat.com/IllegalRevolvingDachshund
[Wilmer Difo] clapping,https://gfycat.com/MajorPiercingHeterodontosaurus
[Bryce Harper] throwing the bat,https://gfycat.com/AdmiredHighIvorygull
[Trea Turner] head shake,https://gfycat.com/IllegalRawBlackrussianterrier
[Dusty Baker] Hat spike,https://gfycat.com/CavernousSillyCormorant
[Max Scherzer] Happy Max,https://gfycat.com/DirtyCleanInexpectatumpleco
[Bryce Harper] Arm jerk,https://gfycat.com/AcclaimedFearfulAttwatersprairiechicken
[Oliver Perez] skip, jump, clap,https://gfycat.com/LastFatGander
[Jayson Werth] sliding into home,https://gfycat.com/InfatuatedNeatDiscus
[Fan] LETS GO NATS,https://gfycat.com/ZigzagPopularHylaeosaurus
[Jude] Let's go Jayson!,https://gfycat.com/BetterBeautifulCleanerwrasse
[Fan] cold,https://gfycat.com/BelatedIllegalHuman
[Jude] Point,https://gfycat.com/DistinctLinedGrayfox
[Bryce Harper] bow,https://gfycat.com/AlarmingNegligibleIndochinahogdeer
[Enny Romero] Fist pump and point,https://gfycat.com/SparklingDifficultCattle
[Ryan Zimmerman] bat flip,https://gfycat.com/SerpentineMindlessIchidna
[Max Scherzer] Slo-mo Clap,https://gfycat.com/FondMeagerGavial
[Daniel Murphy] bobbing around,https://gfycat.com/MerryBrokenAmericanmarten
[Gio Gonzalez] Unsure celebration,https://gfycat.com/VapidSardonicHerculesbeetle
[Adam Eaton] 2 out horns,https://gfycat.com/LegalPowerlessGermanshorthairedpointer
[Bob Carpenter] Extra Inning Fist Pump,https://gfycat.com/ThoughtfulLittleBluet
[Bryce Harper] Overhead clapping,https://gfycat.com/UncomfortableYawningCowbird
[Ryan Zimmerman] Can't Flim Flam the Zim Zam,https://gfycat.com/BrightZigzagHorse
[Matt Albers] Chewing gum,https://gfycat.com/ConsciousSpeedyHoki
[Anthony Rendon] Sweep,https://gfycat.com/CheapDelectableGalapagosmockingbird
[Bryce Harper] Horns,https://gfycat.com/HonestDeafeningEwe
[Fan] fuck the DH,https://gfycat.com/ShoddyShamefulDassie
[Shawn Kelley] fist pump,https://gfycat.com/HugeUnlawfulHatchetfish
[Bryce Harper] slide and hairflip,https://gfycat.com/ArtisticBareHarborporpoise
[Ryan Zimmerman] clap and fist pump,https://gfycat.com/PastConsciousBlowfish
[Fan] When Blake finally gets a strike,https://gfycat.com/AdmiredLongEastrussiancoursinghounds
[Daniel Murphy] wincing (short),https://gfycat.com/FlamboyantCompetentAtlasmoth
[Daniel Murphy] wincing,https://gfycat.com/ConsiderateCloudyEeve
[Jayson Werth] *unzips*,https://gfycat.com/FrankWaryFrilledlizard
[Jayson Werth] Examine Your Zipper,https://gfycat.com/SecondaryBitesizedCrane
[Daniel Murphy] ooo that sucks,https://gfycat.com/AccomplishedShrillHoneycreeper
[Adam Eaton] a thing,https://gfycat.com/FondAssuredKid
[Anthony Rendon] smiles,https://gfycat.com/ImmediateGlassAuk
[Fan] mighty mouse Man,https://gfycat.com/BeneficialFeminineAcornwoodpecker
[Chris Heisey] wink,https://gfycat.com/DeterminedShortBlowfish
[Bryce Harper] [Jayson Werth] home plate hugs,https://gfycat.com/PlaintiveHarmfulGrub
[Anthony Rendon] Laughing,https://gfycat.com/AltruisticSmallDesertpupfish
[Bryce Harper] sliding into home,https://gfycat.com/RealGivingAstarte
[Bryce Harper] Mad and throwing the bat and helmet,https://gfycat.com/JointPresentIsopod
[Fan] can't believe it,https://gfycat.com/EachBabyishHoneycreeper
[Daniel Murphy] is sad :(,https://gfycat.com/CandidHeartfeltDuck
[Max Scherzer] [Wilson Ramos] Hug after 20 Ks,https://gfycat.com/WanUnequaledKingfisher
[Jayson Werth] Watching a homer,https://gfycat.com/HastyPessimisticAustraliancattledog
[Daniel Murphy] I hit it like this,https://gfycat.com/ThoroughRecklessChafer
[Jayson werth] bam,https://gfycat.com/TemptingGaseousIcterinewarbler
[Joe Blanton] fuck!,https://gfycat.com/HardDeadAndeancondor
[Bullpen] Dinger celebration,https://gfycat.com/PeacefulHauntingJuliabutterfly
[Max Scherzer] fuck redux,https://gfycat.com/AdeptCarefreeIaerismetalmark
[Fan] kids fwah-ing with text,https://gfycat.com/GlitteringDeliciousBallpython
[Bryce Harper] Fist pump and yell,https://gfycat.com/LivelyAthleticAnemoneshrimp
[Fan] kids dancing,https://gfycat.com/OddLimpingElkhound
[Matt Wieters] smile,https://gfycat.com/AgreeableDifferentAvians
[Fan] Kids fwah-ing,https://gfycat.com/NegligibleGraveAmericanbadger
[Wilmer Difo] Making it rain,https://gfycat.com/GrotesqueMealyFishingcat
[Turner, Werth, Eaton, Harper] Always Nationaly,https://gfycat.com/GleamingMagnificentJackal
[Ryan Zimmerman] fwah,https://gfycat.com/OptimalFloweryAngwantibo
[Team] Updated Borat Dance,http://i.imgur.com/WmqDMZx.gifv
[Dusty Baker] fist pump,https://gfycat.com/UnequaledUnfinishedHydra
[Dusty Baker] clapping,https://gfycat.com/FlashyFlickeringBarasingha
[Koda Glover] [Dusty Baker] hug,https://gfycat.com/UnluckyInconsequentialCuscus
[Blake Treinen] high five,https://gfycat.com/DecimalRequiredBlackfootedferret
[Bryce Harper] hug,https://gfycat.com/OptimisticQualifiedLacewing
[Gio Gonzalez] Good shit,https://gfycat.com/SardonicRectangularBarasingha
[Sammy Solis] Sammy the Hammer Photoshop,https://gfycat.com/ScratchyPotableAsiandamselfly
[Ryan Zimmerman] hands,https://gfycat.com/BlissfulHatefulHamster
[Ethan Klein] TRIGGERED,https://gfycat.com/EasygoingDeficientDrafthorse
[Sammy Solis] Captain Hammer extended,https://gfycat.com/UncommonFrailIvorygull
[Sammy Solis] Captain Hammer less explicit,https://gfycat.com/NeglectedLonelyEstuarinecrocodile
[Stephen Strasburg] Turn and face,https://gfycat.com/WeightySaltyCicada
[Jayson Werth] finger,https://gfycat.com/BoilingMediocreBlowfish
[Matt Albers][Not Really] hey hey hey, it's fat Albers,https://gfycat.com/PeriodicDisguisedJay
[Tanner Roark] All smiles,https://gfycat.com/ParchedVillainousDevilfish
[Ryan Zimmerman] This place fuckin sucks (redux),https://gfycat.com/AdoredBewitchedKissingbug
[Jayson Werth] Amazing bare-handed catch,https://gfycat.com/PepperyOilyHoatzin
[Fan] Little kid excited,https://gfycat.com/WarlikePhonyGermanpinscher
[Anthony Rendon] Yawn,https://gfycat.com/VapidSatisfiedGourami
[Daniel Murphy] oooo FUCK YEAH,https://gfycat.com/JealousDecimalItaliangreyhound
[Bryce Harper] Taking the ball away from a kid,https://gfycat.com/GargantuanWarmheartedJerboa
[Ryan Zimmerman] YEAH,https://gfycat.com/CautiousFirmAtlanticblackgoby
[Mark Melancon] [Pedro Severino] Handshake,https://gfycat.com/GlaringAcrobaticDuckling
[Jose Lobaton] He's the boofalo, he's my friend (buffalo, Wilson Ramos),https://gfycat.com/AcclaimedAncientBelugawhale
[Bryce Harper] In disbelief,https://gfycat.com/DiscreteSneakyAmazontreeboa
[Mark Melancon] Fist pump finger gun slo-mo,https://gfycat.com/TautEveryAmethystsunbird
[Trea Turner] Fist pump,https://gfycat.com/HandsomeAlarmingCrocodile
[Jose Lobaton] Wow. That's pretty cool.,https://gfycat.com/PlumpWelcomeHammerheadbird
[Mark Melancon] finger gun,https://gfycat.com/AdvancedPerfectKitten
[Daniel Murphy] Jumping celebration with fist pump,https://gfycat.com/BlindBronzeBackswimmer
[Dusty Baker] That's my boy (text version),https://gfycat.com/SpicyAnotherCondor
[Gio Gonzalez] fuck. (with text),Https://Gfycat.Com/WellmadeHairyLamprey
[Anthony Rendon] An-fro-ny,https://gfycat.com/LimpGraciousHerculesbeetle
[Daniel Murphy] Yawn,https://gfycat.com/NegativeDeficientAngelwingmussel
[Anthony Rendon] Not bad,https://gfycat.com/PresentMassiveFoxterrier
[Ben Revere] Running,http://imgur.com/TbE1IPx
[Fan] LOLNYM,https://gfycat.com/GoodnaturedMixedGemsbok
[Jayson Werth] We gotta kick everyone else's ass!,http://gfycat.com/MiserlyCautiousJuliabutterfly
[Max Scherzer] Smoking a cigar,http://gfycat.com/WebbedSeveralEyelashpitviper
[Tanner Roark] Enjoying a beverage,https://gfycat.com/JointBigAmphiuma
[Gio Gonzalez] Smirk,https://gfycat.com/BoilingSafeEft
[Fan] Rocking back and forth in seat,https://gfycat.com/ThoughtfulBlushingCalf
[Trea Turner] Oh, that's brutal,http://gfycat.com/CloudyLimpingAfricanaugurbuzzard
[Dan Kolko] Bench coach,http://gfycat.com/CelebratedFearfulHanumanmonkey
[Dusty Baker] OH,http://gfycat.com/ThriftyUnlinedAnole
[Jayson Werth] omg wtf you talkin about,https://gfycat.com/WeakUnnaturalGossamerwingedbutterfly
[Fan] FWAH,https://gfycat.com/CornyHonoredClingfish
[Max Scherzer] Celebrating,https://gfycat.com/MadeupOblongAbyssiniangroundhornbill
[Mat Latos] Dancing,https://gfycat.com/NewGrouchyCuttlefish
[Daniel Murphy]Point and clap,https://gfycat.com/LividLateAllosaurus
[Max Scherzer] Max heckles Werth in Philly,https://gfycat.com/AggravatingWearyGrizzlybear
[Mark Melancon] YEAH,https://gfycat.com/WearyMistyFlyingsquirrel
[Fan] Mind blown,http://i.imgur.com/uyf2OTO.gifv
[Max Scherzer] Booing,https://gfycat.com/IllustriousOpulentGoldfish
[Trea Turner] Likes what he sees,https://gfycat.com/DelightfulConfusedHuemul
[Dusty Baker] Fist bump,https://gfycat.com/ReasonablePreciousIchthyostega
[Fan] Excited waving,https://gfycat.com/BareSickIsabellinewheatear
[Max Scherzer] Closer mode engaged,https://i.imgur.com/oGDuLjX.jpg
[Daniel Murphy] Pbpbpbpttttt,https://gfycat.com/WarpedExemplaryBaboon
[Dusty Baker] [Max Scherzer] Hug,https://gfycat.com/UntidyPotableGoldenmantledgroundsquirrel
[Bryce Harper] Point, fist pump, clap,https://gfycat.com/UnevenElectricKronosaurus
[Trea Turner] Watching his foul ball,https://gfycat.com/YellowDapperAvocet
[Daniel Murphy] Smile,https://gfycat.com/TallAnxiousHypsilophodon
[Screech] Clapping,https://gfycat.com/DifficultCapitalChinesecrocodilelizard
[Daniel Murphy] Eye roll,https://gfycat.com/ElatedFailingHousefly
[Trea Turner] Sly smile,https://gfycat.com/SimpleWarmFinwhale
[Fan] ,https://gfycat.com/FaithfulDemandingAnchovy
[Jayson Werth] fuckin pussy ass motherfucker,https://gfycat.com/OccasionalInfantileIchneumonfly
[Bryce Harper] Messing up the Braves A,https://gfycat.com/PolishedTornGyrfalcon
[Bryce Harper] Elbow bumps,https://gfycat.com/DeterminedDopeyArchaeopteryx
[Nyjer Morgan] getting his clock cleaned,http://i.imgur.com/RX53s68.gifv
[Fan] OH NO,https://gfycat.com/PreciousCrispJay
[Bryce Harper] Trucking the catcher,https://gfycat.com/GrotesqueGleefulAmazontreeboa
[Teddy] Pile driving the potato chip,https://gfycat.com/AdolescentClearcutGrassspider
[Dugout] Rally caps,https://gfycat.com/RapidPartialKoalabear
[Umpire] Holstering the guns,http://i.imgur.com/YA2cvGe.gifv
[Trea Turner] Gotta go fast,http://gfycat.com/OnlyBoldHornet
[Trea Turner] Looking for these?,https://gfycat.com/TinyWearyAdmiralbutterfly
[Trea Turner] Looking for these? Deal with it,https://gfycat.com/JauntyIllegalJunebug
[Daniel Murphy] That was a good play,https://gfycat.com/FearlessScentedAsiansmallclawedotter
[Brian Goodwin] Good win,https://gfycat.com/SilkyFastFrilledlizard
[Chris Heisey] [Daniel Murphy] FWAH,https://gfycat.com/OilyImmediateDuckling
[Trea Turner] Bae Turner,https://gfycat.com/CarefulExcitableHornedviper
[Jayson Werth] Winning the race,https://gfycat.com/RequiredRevolvingEidolonhelvum
[Dog] Flashbacks,https://gfycat.com/OldfashionedWavyDuiker
[fan] Oops...,https://gfycat.com/AfraidAssuredAmurstarfish
[Wilson Ramos]Blowing kisses,https://gfycat.com/ZestyBeneficialDairycow
[Fan] Dad and baby put on their rally caps,https://gfycat.com/ImpassionedEllipticalGoldfish
[Nyjer Morgan]Dropped ball; spiked glove,https://gfycat.com/TimelyFlawedHerring
[Daniel Murphy] :0 ,http://gfycat.com/LastingBrilliantDodo
[Brian Goodwin] Shrug,https://gfycat.com/SelfassuredSecondBinturong
[Max Scherzer] FUCK (with text),https://gfycat.com/BewitchedBlandGoldeneye
[Max Scherzer] Can't believe it,https://gfycat.com/EarnestNauticalArabianoryx
[Max Scherzer] FUCK,https://gfycat.com/PessimisticBriefBoar
[Jonathan Papelbon] Sunbathing,https://gfycat.com/OfficialParallelHind
[Brian Goodwin] [Gio Gonzalez] Goodwin strangling Gio,https://gfycat.com/CoordinatedPaltryCusimanse
[Chris Heisey] Groovin,https://gfycat.com/SeriousBetterLadybug
[Mark Melancon] Give me the fucking ball,https://gfycat.com/WigglySaltyBushsqueaker
[Tanner Roark] [Jayson Werth] High five,https://gfycat.com/ImmaculateBareGreathornedowl
[max Scherzer] RBI celebration,https://gfycat.com/ForsakenLegitimateCapeghostfrog
[Stephen Strasburg] Faces,https://gfycat.com/LiquidPerfectGrison
[Trea Turner] TREA FUCKING TURNER,https://gfycat.com/BowedBitterHorseshoebat
[Daniel Murphy] Fist bump (Nice.),https://gfycat.com/CapitalSoulfulAmurratsnake
[Dusty Baker] Yeah motherfucker, yeah (with text),https://gfycat.com/FluidComfortableKitten
[Fan] Dancing,https://gfycat.com/PertinentGargantuanBobcat
[Bryce Harper] FUCK,https://gfycat.com/OddGrimFrillneckedlizard
[Bryce Harper] Thumbs up,https://gfycat.com/RapidFragrantAmericanblackvulture
[HIMYM] Wilmer Difo,https://gfycat.com/SaltyMellowChimneyswift
[Mike Rizzo] Mad,https://gfycat.com/FirstSolidKingfisher
[Wilson Ramos][Dan Kolko] What are you saying about me?,https://gfycat.com/MassiveBlaringIncatern
[Max Scherzer] Spaz Max,http://gfycat.com/WaterloggedIdealisticAnnelid
[Johnny Jonathan] Ready to take his cuts,https://gfycat.com/WeepyPowerfulBarb
[Dusty Baker] That's my boy!,https://gfycat.com/FairMisguidedAmethystsunbird
[Dusty Baker] High five post Werthquake,https://gfycat.com/BossyBountifulCockroach
[Daniel Murphy] DANIEL HITS MURPHY,https://gfycat.com/ContentBarrenAmurminnow
[Daniel Murphy] Murph makes a little friend,https://www.gfycat.com/RectangularClutteredFieldmouse
[Bryce Harper] Wedding Crashers shimmy celebration,https://gfycat.com/UntriedCelebratedDairycow
[Stephen Strasburg] Fun, yeah!,https://gfycat.com/IdolizedDeficientGerbil
[Daniel Murphy] Game tying dinger celebration,https://gfycat.com/TalkativeOrnateAkitainu
[Jose Lobaton] Goggles v2,https://gfycat.com/MassiveFlickeringIbadanmalimbe
[Dusty Baker] SAFE,https://gfycat.com/MediumOrnateCopperhead
[Bullpen] Slapping the wall,https://gfycat.com/BelatedAnnualEmperorshrimp
[Fan] Horsehead,http://i.imgur.com/qlTQvMN.gifv
[Jose Lobaton] Goggles,https://gfycat.com/ConcreteYawningHuia
[Joe Ross] Standing ovation,http://imgur.com/GMFSAl9
[Anthony Rendon] I didn't say shit! (with text),https://gfycat.com/ExcitableNaiveDrever
[Stephen Strasburg] fuck yea (with text),https://gfycat.com/WelloffEnchantedDamselfly
[Max Scherzer] Slo mo chocolate sauce celebration,https://gfycat.com/DenseLeanAustraliansilkyterrier
[Daniel Murphy] [Jayson Werth] FWAH (with text),https://gfycat.com/HeavyTheseEmu
[Jayson Werth] Those people can kiss my ass! (with text),https://gfycat.com/PepperyUnkemptKitty
[Danny Espinosa] What the fuck (with text),https://gfycat.com/FrigidSevereBluebottle
[Bryce Harper][Dusty Baker] Bryce clap and Dusty fist pump,https://gfycat.com/NaturalFearlessCaterpillar
[Daniel Murphy] [Ian Desmond] Messing around at 2nd at the ASG,https://gfycat.com/SoggyRepentantBlueshark
[Wilson Ramos] Horns,https://gfycat.com/TotalPointlessFawn
[Stephen Strasburg] Golf clap,https://gfycat.com/EducatedImaginaryImperatorangel
[Daniel Murphy] Doin' the bull dance, feelin' the flow, working it, working it. (found in r/NewYorkMets),https://i.redd.it/12zihprwvm8x.gif
[Stephen Strasburg] Nasty cutter gets James Loney chasing for a K,https://gfycat.com/ComplicatedAchingKodiakbear
[Daniel Murphy] [Jayson Werth] FWAHHHH,https://gfycat.com/JollyCluelessBull
[Max Scherzer] On the run,https://gfycat.com/WelldocumentedUnlinedCrocodileskink
[Ben Revere] [Clint Robinson] head rub,https://gfycat.com/ShadyPleasantGhostshrimp
[Bryce Harper] shhhhhhhh,https://gfycat.com/GroundedPhonyBluemorphobutterfly
[Umpire] Home run sign,https://gfycat.com/FlimsyPalatableColt
[Clint Robinson] FWAHHHH,https://gfycat.com/AppropriateClearcutAmericanmarten
[Fan] Hot dog guy,https://gfycat.com/GivingHospitableItaliangreyhound
[President Taft] Drumstick race finish,https://gfycat.com/CrazyAlarmedBirdofparadise
[Umpire] Every guy gets a new one (with text),https://gfycat.com/MistyAppropriateLark
[Stephen Strasburg] Chicken wing warmup,https://i.redd.it/dfsdg8hi9i7x.gif
[Umpire] Every guy gets a new one,https://gfycat.com/LeanInfiniteLcont
[Bryce Harper] Hair flip compilation,https://gfycat.com/GrayThirstyBelugawhale
[Danny Espinosa] [Jayson Werth] Face slap 2,https://gfycat.com/ScratchyDecisiveBoilweevil
[Fan] #VoteRamos,https://gfycat.com/TartEcstaticAtlanticridleyturtle
[Gio Gonzalez] fuck.,https://gfycat.com/MisguidedPartialBassethound
[Danny Espinosa] [Jayson Werth] Face slap,https://gfycat.com/HatefulImpeccableAracari
[Daniel Murphy] Raspberry (WARBLE GARBLE),https://gfycat.com/UnsteadyGloomyCockatiel
[Daniel Murphy] Skipping,https://gfycat.com/PlumpPleasedAmericancreamdraft
[Daniel Murphy] Fist bump,https://gfycat.com/ShoddyLeanAmoeba
[Bryce Harper] [Jayson Werth] Celebration 2,https://gfycat.com/SphericalImmaterialAntbear
[Screech] Time for bed,https://gfycat.com/DeepWhisperedBangeltiger
[Jayson Werth] Fist pump celebration,https://gfycat.com/EverlastingFabulousKoodoo
[Dugout] Wacky antics,https://gfycat.com/BriskBothDalmatian
[Wilson Ramos] Rounding first,https://gfycat.com/CourteousBlackandwhiteIndianjackal
[Max Scherzer] Double celebration,https://gfycat.com/FreshUnkemptAmericanbulldog
[Danny Espinosa] What the fuck,https://gfycat.com/AffectionateFancyHookersealion
[Bryce Harper] [Jayson Werth] Rainbow celebration,https://gfycat.com/MeaslyLateDegu
[Bryce Harper] [Max Scherzer] Celebration,https://gfycat.com/RegularUnhealthyAustralianshelduck
[Umpire] Oh fuck you,https://gfycat.com/OrderlyLazyDrafthorse
[Anthony Rendon] I didn't say shit!,https://gfycat.com/EverlastingSmallDogwoodclubgall
[Jayson Werth] Those people can kiss my ass,https://gfycat.com/WhimsicalTeemingCoati
[Jayson Werth] Slow-mo hair flip,https://gfycat.com/IlliteratePreciousKissingbug
[Fan] Finger guns redux,https://gfycat.com/HandySharpHydatidtapeworm
[Fan] Sweep,https://gfycat.com/BelovedZestyDonkey
[Dusty Baker] Do a little dance,https://gfycat.com/AliveAmusingBighorn
[Sammy Solis] Fuck yeah, atta boy,https://gfycat.com/SlightCarefreeFugu
[Jonathan Papelbon] FUCK YEAH (clapping),https://gfycat.com/ComplicatedSparseChipmunk
[Jayson Werth] Processing the 57 mph pitch he just saw,http://i.imgur.com/do85Ip7.gifv
[Gio Gonzalez] *Wink*,http://i.imgur.com/IzNnYlj.gif
[Bryce Harper] Expressing his opinions after being beaned.,http://i.imgur.com/y1yWSEi.gifv
[Anthony Rendon] Oh hey there,http://i.imgur.com/ASyk7lg.gif
[Gio Gonzalez] Hiding behind chart,http://i.imgur.com/jnnJACz.gifv
[Jayson Werth] Eye roll,https://gfycat.com/EdibleAntiqueBabirusa
[Max Scherzer] ESPN Interview Shenanigans (better quality),https://gfycat.com/OblongAngryJunco
[Jose Lobaton] Cups,http://i.imgur.com/OB4KmFF.gifv
[Gio Gonzalez] Bullpen high fives,https://gfycat.com/GiftedWhiteLadybug
[Max Scherzer] WOOO (slapping railing),https://i.imgur.com/8KiBUan.gifv
[Jose Lobaton] Post single dance,https://i.imgur.com/RlBVayt.gifv
[Max Scherzer] Interview assistance from teammates,http://imgur.com/TDxhxKM
[Bryce Harper] Fuck you,https://gfycat.com/GoodSkinnyBoa
[Clint Robinson] The 1,000 yard stare,https://gfycat.com/FakeCompassionateGoldeneye
[Shawn Kelley] Fuck yeah (fist pump),https://gfycat.com/FortunateDizzyGharial
[Ryan Zimmerman] FUUUUUU,https://gfycat.com/FloweryAcceptableConure
[Stephen Strasburg] Fuck yeah,https://i.imgur.com/qExASUP.gifv
[Felipe Rivero] Curtsy slide after strikeout,https://gfycat.com/PointedSphericalGoa
[Bullpen] Jazz hands and fingers,https://gfycat.com/HardtofindMadeupArmednylonshrimp
[Dusty Baker] Yeah motherfucker,https://gfycat.com/EdibleUnnaturalChanticleer
[Dusty Baker] Fuck yeah fist pumps,http://i.imgur.com/w9gnppd.gifv
[Daniel Murphy] shrug,http://i.imgur.com/FPgkimw.gifv
[Daniel Murphy] Wobble wobble,http://i.imgur.com/m2G2L82.gifv
[Daniel Murphy] I seent it,http://i.imgur.com/8Si2MoZ.gifv
[Sean Doolittle] Six pack,https://gfycat.com/DevotedEdibleAegeancat
[Bryce Harper] Clapping,https://gfycat.com/ConventionalEdibleBlackwidowspider
[Wilmer Difo] american sniper trip,https://gfycat.com/QuickSpiritedGermanspaniel
[Daniel Murphy] okie dokie,https://gfycat.com/DevotedFeistyDotterel
[Koda Glover, kind of] CLOSER WATCH,https://gfycat.com/EnlightenedSereneGourami
Poncho struggle is real,http://i.imgur.com/S7VvFSN.jpg
[Miguel Montero] Doesn't have to try to throw out Trea anymore,https://gfycat.com/DeadlyPresentIndochinahogdeer
[Victor Robles] almost losing the gum,https://gfycat.com/GiddyDelayedAntlion
[Bryce Harper] I'll be walking right out the door,https://gfycat.com/DownrightMediocreAttwatersprairiechicken
[Brandon Kintzler] salt bae,https://gfycat.com/DisgustingMeagerCanadagoose
[Shawn Kelley] [Brandon Kintzler] salt shaker,https://gfycat.com/MisguidedJampackedHochstettersfrog
[Max Scherzer] Nod and fist pump,https://gfycat.com/ObedientWigglyBeauceron
[Jose Lobaton] neat,https://gfycat.com/BronzeExaltedHornedtoad
[Trea Turner] Explaining the DH,https://gfycat.com/GleamingConventionalAfricanparadiseflycatcher
[Fan] Looking through tiny binoculars,https://gfycat.com/SimilarBoilingAfricancivet
[Wilmer Difo] flexing,https://gfycat.com/ScornfulIncomparableChicken
[Victor Robles] adjusting his hat,https://gfycat.com/DampAgonizingDarklingbeetle
[Davey Martinez] tongue,https://gfycat.com/GoodnaturedPresentDeviltasmanian
[Max Scherzer] Please this will be awesome,https://gfycat.com/ImmenseRequiredHen
[Michael A Taylor] deep breath,https://gfycat.com/AnotherMilkyBlacklemur
[Kevin Frandsen] no look catch,https://nesncom.files.wordpress.com/2014/04/kevin-frandsen.gif?w=450&h=344
[Matt Belisle] needs help taking off doughnut,https://gfycat.com/YellowInexperiencedAmmonite
[Sean Burnett] beans Chase Utley,https://cdn.fangraphs.com/blogs/wp-content/uploads/2013/03/Utley6.gif.opt_.gif
[Josh Willingham] The orginal Hammer,https://gfycat.com/AccurateMelodicDolphin
[Dan Haren] Ks Juan Lagares,https://media0.giphy.com/media/xbv0UPd3bDlII/giphy.gif
[Fan] Bryce Harper mask,https://gfycat.com/BlankBiodegradableBoto
[Ryan Zimmerman] mad/angry,https://gfycat.com/AggressiveBlackFlyingfox
[Fan] clapping,https://gfycat.com/HelpfulFlickeringAmethystgemclam
[Bryce Harper] He's a pretty good pitcher,https://gfycat.com/OrganicGiddyBuffalo
[Matt Adams] smile and fist bump,https://gfycat.com/GiganticSickAmericancrow
[Teddy] tackled by the Easter bunny,https://gfycat.com/MarvelousWhoppingCormorant
[Gio Gonzalez] fist pump,https://gfycat.com/lawfulnearitalianbrownbear
[Gio Gonzalez] Clapping - atta boy bryce,https://gfycat.com/serenedisloyaladder
[Gio Gonzalez] applause,https://gfycat.com/impassionedfaithfuleyra
[Gio Gonzalez] oh, rats,https://gfycat.com/amuseddeficienticelandgull
[Wilmer Difo] bloop,https://gfycat.com/artisticrespectfulichthyostega
[Matt Wieters] looking around,https://gfycat.com/CompetentBronzeIvorybilledwoodpecker
[Brian Goodwin] smile,https://gfycat.com/bigbesthoneycreeper
[Tanner Roark] Professional athlete,https://gfycat.com/ClumsyPolishedBarebirdbat
[Sean Doolittle] Thumbs up,https://gfycat.com/tastyenormouscaiman
