Preston Tucker smiling as soon as the ball leaves the bat as he hits a home run.,https://gfycat.com/MagnificentVillainousCrustacean
Ronald Acuna dries his bat off in the rain,https://gfycat.com/LonelyFlusteredErne
Sean Newcomb scratching Ozzie Albies' back,https://gfycat.com/InfamousColossalEarwig
Ozzie Albies getting his helmet off while running,https://gfycat.com/InferiorShinyHerculesbeetle
Ozzie Albies pointing,https://gfycat.com/WeepyHorribleEasternnewt
Ozzie Albies tosses a foul ball he catches in the dugout,https://gfycat.com/FlickeringSpecificGuineafowl
Johan Camargo kicking follow through,https://gfycat.com/NearVioletKomododragon
Acuna Celebrates His Yankee Stadium HR (July 2, 2018),https://i.imgur.com/6gavQFf.gifv
Dansby Swanson welcomes back Freddie Freeman from a home run,https://gfycat.com/ClearSoupyAntbear
Ozzie and Johan picking on each other.,https://v.redd.it/rn499cutd2611
Kelsey gets pelted by sunflower seeds while doing an interview from the dugout.,https://v.redd.it/9m1pbhe6rl411
Johan Camargo fired up after a double,https://gfycat.com/SnarlingFancyLangur
[Dansby Swanson] "Oh my god. That's un-fucking believable.",https://gfycat.com/AlertDazzlingAfricanjacana
Dansby Swanson and the braves visually upset by the challenge result,https://gfycat.com/SphericalUnhappyAfricanjacana
Swanson makes the pick and throw with a 360 spin; Freddie Freeman approves,https://gfycat.com/ScaredBackAsianconstablebutterfly
Slow motion Camargo double play,https://gfycat.com/KindheartedFlimsyAngwantibo
Ozzie Albies celebrating his home run with Johan Camargo,https://gfycat.com/ThornyUnpleasantBoutu
Ronald Acuna fanning Ozzie Albies with a towel,https://gfycat.com/JaggedVibrantApe
Camagoats insane 5-3 DP,https://media.giphy.com/media/5k0rMp5ZoTno5uWRYE/giphy.gif
Anibal Sanchez striking out Grandal with a 65.8 MPH "butterfly" changeup,https://gfycat.com/ConstantShamelessCrocodileskink
Dansby Swanson uniquely celebrates his home run,https://gfycat.com/RegularReliableAmurminnow
Dansby Swanson wagging his finger,https://gfycat.com/AfraidAnnualDarwinsfox
Costco Culberson Bows To Discount Dansby,https://gfycat.com/FinishedAltruisticAlligator
Sunday's Home Plate Celebration In All Its Slo-Mo Glory,https://gfycat.com/TightKlutzyFritillarybutterfly
Ozzie Albies draws a line to map out second base territory,https://gfycat.com/HospitableExemplaryBullfrog
Dansby Swanson aggressively hugs Charlie Culberson,https://i.imgur.com/HUk2AGR.gifv
For u/jakfrist: Ozzie trying to undress Culberson after the walk off.,https://media.giphy.com/media/3j0RUaa5mrV4AjeWTa/giphy.gif
Dansby's Windmill Celebration After Discount Dansby's Walkoff.,https://media.giphy.com/media/3OsC7m5SrE19Iasz4j/giphy.gif
Dustin Peterson forgets the count, tries to walk on 3 balls in first career AB,http://mlb.mlb.com/images/3/9/8/278798398/052818_nymatl_peterson_forgets_outs.gif
Mike Foltynewicz taking a deep breath,https://i.imgur.com/kJURqca.gifv
GIF Request: Moylan losing the ball after it hit his foot,https://www.reddit.com/r/BravesGIFs/comments/8lp246/gif_request_moylan_losing_the_ball_after_it_hit/
This is fine,https://gfycat.com/ViciousBlankEarwig
Have gif makers who are way more talented than me thought of putting team logos/player faces over a gif of Michael Scott falling in to the koi pond?,https://thumbs.gfycat.com/BlushingAmpleCarp-size_restricted.gif
Dansby walks it off to fry the Fish,https://gfycat.com/EqualDecisiveGermanpinscher
Braves celebrating a Dansby Swanson walk off,https://gfycat.com/MintyGleefulAldabratortoise
Ronnie and Ozzie celebrate ZUK's RBI in the 9th,https://gfycat.com/PortlyHorribleGalah
Ronald Acuna showered with upvotes,https://i.imgur.com/sunOvHr.gifv
Julio Teheran throwing sunflower seeds at Kelsey Wingert,https://i.imgur.com/O6Pir3p.gifv
Choppin,https://i.makeagif.com/media/11-29-2014/loaRAX.gif
Acuna's reaction to his go-ahead single in the 8th,https://gfycat.com/AngelicInconsequentialElkhound
Ronald Acuna choking Ozzie Albies,https://i.imgur.com/BwlGd7E.gifv
Acuna's reaction to Ender's home run,https://media.giphy.com/media/39m684KrSi5YR688Ef/giphy.gif
Ronald Acuna and Ender Inciarte in front of the dugout camera,https://i.imgur.com/7JVMwMI.gifv
Inciarte slaps Albies in the face after his grand slam,https://i.imgur.com/gm278PN.gifv
Camargo refused to high five Albies after his grand slam.,https://i.imgur.com/tb5wzAS.gifv
[Discussion] Shouldn't we be building a 2018 Gif of Destiny?,https://www.reddit.com/r/BravesGIFs/comments/8gu270/discussion_shouldnt_we_be_building_a_2018_gif_of/
Dansby Swanson and Ozzie Albies hugging,https://i.imgur.com/wsfNajY.gifv
Ozzie Albies laughing at something,https://i.imgur.com/OjWwSdL.gifv
Freddie Freeman thumbs up,https://i.imgur.com/peSXYYT.gifv
Freddie Freeman staying on third base,https://i.imgur.com/RaH0mbl.gifv
Julio Teheran, Ronald Acuna, and Ozzie Albies in the dugout,https://i.imgur.com/1tyjGNa.gifv
Fan excited after he catches Ronald Acuna's first career homerun,https://gfycat.com/BlushingCompleteKilldeer
Ronald Acuna pouring upvotes on Ozzie Albies,https://i.imgur.com/h90B6ix.gifv
Ronald Acuna pouring sunflower seeds on Ozzie Albies,https://i.imgur.com/3LSUnbG.gifv
Camargo celebrating his triple.,https://i.imgur.com/x5bJeei.gifv
McCarthy: "Wow",https://imgur.com/a/9CcxKsP
Dansby Swanson singing in the dugout,https://i.imgur.com/lu4UPL0.gifv
Freddie Freeman confused,https://i.imgur.com/FAYcNCC.gifv
Dansby Swanson and Ozzie Albies hugging,https://i.imgur.com/aBiTjBC.gifv
Brandon McCarthy doing things with his hand,https://gfycat.com/FrayedMixedGangesdolphin
Ender Inciarte tossing a hand warmer before a baseball,https://i.imgur.com/Qjfrugl.gifv
Mike Foltynewicz head nod,https://i.imgur.com/xhSctvB.gifv
Sam Freeman fist pump,https://i.imgur.com/Qaw4SVo.gifv
Ozzie Albies shaking his head unimpressed,https://i.imgur.com/c7mBZDk.gifv
Arodys Vizcaino pumped after getting a key strikeout,https://i.imgur.com/sZ0lyLl.gifv
Dansby Swanson pumped up,https://i.imgur.com/qciqjl6.gifv
Peter Moylan Near Miss,https://i.imgur.com/d8Viptd.gifv
Blooper running on the field with a Braves flag,https://i.imgur.com/g0igt8k.gifv
Ozzie Albies homering from both sides of the plate in one game,https://gfycat.com/HomelyImmaculateHousefly
Ozzie Albies acknowledging a good play,https://i.imgur.com/uMxhhOd.gifv
Acuna Whips out a Nice Dong on Unsuspecting New Yorkers,https://imgur.com/9xLchow
Dansby Ozzie Hug,https://i.imgur.com/qFLNOwL.gifv
Fried with the nasty curveball to K Rizzo.,https://gfycat.com/YearlyUnhappyDassierat
Dansby Swanson hugs Ozzie Albies after a victory,https://i.imgur.com/lUfDS8S.gifv
Brandon Phillips avoids tag at 2nd,http://i.imgur.com/jZqObkH.gifv
Brandon Phillips Don't Play,http://i.imgur.com/mR2g6Z8.gifv
Freddie Freeman eating sunflower seeds,http://i.imgur.com/kI0Xr64.gifv
Ozzie Albies kisses Johan Camargo's head,http://i.imgur.com/54eaYqb.gifv
Freddie Freeman making faces in the dugout,http://i.imgur.com/0DWglrF.gifv
Micah Johnson not happy with the umpire,http://i.imgur.com/dObnTFa.gifv
Julio Teheran's steely eyed gaze,http://i.imgur.com/GHPcxZr.gifv
Ender's Fake-Out,http://i.imgur.com/7HwNJWr.gifv
Freddie goin ham on some seeds.,http://i.imgur.com/FV0yyMV.gifv
The Kurt Locker,https://i.redd.it/sa39iej5ndbz.gif
Freddie Clapping Against the Dodgers 7/21/17,http://imgur.com/sUbgc2m
Kelsey Wingert eats a SpongeBob ice cream,http://i.imgur.com/dPCPIID.gifv
Random gif of Flowers getting ejected,http://i.imgur.com/FUHIrhn.gifv
Kelsey Wingert eats ice cream while a gentleman behind her admires the view,https://gfycat.com/FlashyHorribleAlaskajingle
Lane Adams chops with style,http://i.imgur.com/7dpcZPD.gifv
Johan Camargo pumped up,http://i.imgur.com/hdSAf4b.gifv
Paul Byrd doing the chop in front of Chip Caray,http://i.imgur.com/aFflbTS.gifv
R.A. Dickey crawling towards a rolling ball,http://i.imgur.com/ePeqmao.gifv
Brandon Phillips checks out Tyler Flowers' injured arm,http://i.imgur.com/t0mGTMb.gifv
Ender Inciarte confused in center,http://i.imgur.com/ESdNhpU.gifv
Brandon Phillips' huge fist pump,http://i.imgur.com/A73ZI0V.gifv
Brandon Phillips and Ron Washington having fun at third,http://i.imgur.com/ETVPTdm.gifv
Dansbae fist pump,https://i.imgur.com/SCFvM6j.gifv
Brandon Phillips holds Kelsey Wingert close to him while Matt Kemp drenches both of them after Phillips walked the Braves off against the Marlins.,http://i.imgur.com/nTKPmVC.gifv
Julio Teheran taking roll call before a game.,http://i.imgur.com/8Lid0ab.gifv
Johan Camargo casually blows a bubble while sliding into third base on a close play.,https://i.imgur.com/NGTVfvJ.gifv
Julio Teheran throws upvotes at Sean Newcomb,http://i.imgur.com/cKee3gV.gifv
Redid The Kemp Salt Upvote GIF,http://imgur.com/AByiQ77.gifv
Andruw Jones chop,http://i.imgur.com/MfcSieb.gifv
Julio Teheran teases Sean Newcomb during his first dugout interview with Chip and Joe,http://i.imgur.com/Xu5VbcT.gifv
Dansbae and Dat Dude goofing off,https://imgur.com/gallery/uLyaZ
Dansbae,https://imgur.com/a/nyjQ8
Brian Snitker looking dreamy,https://gfycat.com/ImperturbableYoungFlatfish
Ron Washington drums Kurt Suzuki,http://i.imgur.com/n8B67l2.gifv
Mike Foltynewicz and Gordon Beckham winking,http://i.imgur.com/H6PmZ6p.gifv
Matt Kemp dumping a cooler on Matt Adams after his walk off single.,http://i.imgur.com/aMGw3RX.gifv
Emilio Bonifacio Checking out Kelsey Wingert,http://i.imgur.com/nflJUAo.gifv
Matt Adam's first HR in a Braves uniform.,https://gfycat.com/ValuableBetterBellsnake
Man in a Hawaiian shirt, chopping in style.,http://i.imgur.com/fGzA4Kb.gifv
Not as sharp as some upchops, but love these two guys!,http://i.imgur.com/7hVTtW7.gifv
Bartolo Colon clapping,http://i.imgur.com/3xBQXgB.gifv
Mike Foltynewicz "Yeah baby",http://i.imgur.com/llZlA3u.gifv
Ender Inciarte "Wow",http://i.imgur.com/s76ZIod.gifv
Freddie Freeman celebrates Rio Ruiz's first HR,https://i.imgur.com/LHja8JN.gifv
I love Kemp.,http://i.imgur.com/ryEm7qZ.gifv
WE'RE ALL ANGRY LIKE FREDDIE TONIGHT!,https://gfycat.com/LightheartedQuerulousCormorant
Mike Foltynewicz gives a wink,http://i.imgur.com/DHtnblk.gifv
Rio Ruiz first MLB hit(or rbi?) smile,http://i.imgur.com/PGkmBi8.gifv
Brandon Phillips smile "Did you hit me?",http://i.imgur.com/SV1IIjL.gif?1
Shortened Dansby Walk off First at SunTrust Park,http://i.imgur.com/etoFAlH.gif?1
Unedited Kemp salt bae angle two,http://i.imgur.com/wxfmzh7.gifv
Unedited Kemp salt bae angle one,http://i.imgur.com/QakriMm.gifv
Terrible player Bonerface surprised he got a hit Bonifacio,http://i.imgur.com/2YnMXZN.gifv
Album of Brandon Phillips HR swing into Upvotes versions 1-8,http://imgur.com/a/zbyTP
Kemp you my boy blue,http://i.imgur.com/SxVBlMY.gifv
Dansby Swanson and Brandon Phillips celebrates a victory,http://i.imgur.com/PMPuE2R.gifv
Ender Inciarte reacts to an unfortunate result,http://i.imgur.com/IDUr0KG.gifv
Matt Kemp getting help from Dee Gordon to get back up,http://i.imgur.com/QgwwwWn.gifv
Dansby Hugs Kemp,http://i.imgur.com/fzMtf0N.gif?1
Ender Inciarte hugs Matt Kemp,http://i.imgur.com/bHNw4hs.gifv
Freddie Freeman hugs Matt Kemp,http://i.imgur.com/98RVDdG.gifv
Mike Foltynewicz Smiles,http://i.imgur.com/vxJFHIb.gifv
Braves Gifs Album,https://www.reddit.com/r/BravesGIFs/comments/69cd8r/braves_gifs_album/
Teheran Clapping,http://i.imgur.com/hEbOe7H.gifv
Dansby High-five,http://i.imgur.com/7RKBUUG.gifv
One thing I like about Dansby is how animated he is. We're going to have years of good GIF material.,http://i.imgur.com/10PCCRj.gifv
What's eating Dansby? Freddie. Freddie is eating Dansby.,http://i.imgur.com/71sdaeN.gifv
Best swing in baseball? I think so. Freddie hitting a slow motion home run.,https://gfycat.com/IncomparableThunderousIndianringneckparakeet
Javy Lopez Chop,http://i.imgur.com/wjrBqyP.gifv
Mallex just being his charming self. Wish he was still on the team as the 4th OF.,http://i.imgur.com/ehFbPNF.gifv
Ender Kiss,https://imgflip.com/gif/1o7t1d#3OOdpK6JePLg80l0.16
Folty Wan Kenobi,https://i.redd.it/yo0wxbv9iwuy.gif
GameEnder,https://imgflip.com/gif/1o7syo#iaFhboXxo5FWxjou.16
A.J. Pierzynski tackles the participants in the tool race,http://i.imgur.com/OY7Gwwv.gifv
Matt Kemp with the laughing emoji,http://i.imgur.com/kjEmHPB.gifv
Matt Kemp clapping,https://i.imgur.com/3hMKR0x.gif
Dansby Clapping,http://i.imgur.com/4grvk3Q.gifv
Bobby Cox Chopping,https://gfycat.com/NauticalAcrobaticIndochinahogdeer
What's eating Dansby?,http://i.imgur.com/CyL27kc.gif
Flower Power,http://i.imgur.com/1DnLAGk.gif
Julio's hair and Ron Washington's signs,http://i.imgur.com/or8kug0.gifv