Healy's bat flip.,https://gfycat.com/ImmediateHauntingHarpyeagle
Dee Gordon superman catch against the Rockies,https://gfycat.com/MiniatureIdolizedGyrfalcon
Seager game tying homerun against the Angels,https://gfycat.com/AdventurousUncommonArcticfox
Scott shows emotion and then throws it away,https://gfycat.com/IdenticalJoyousLeafwing
Star Spangled Felix,https://gfycat.com/SinfulWhoppingGermanspaniel
Beer Catch,https://gfycat.com/FortunateThatAfricanjacana
Gamel Broken Bat hit,https://gfycat.com/UntimelyMisguidedFunnelweaverspider
Why won't you look at me father?,https://gfycat.com/BoldCooperativeChrysomelid
Dee being Dee,https://gfycat.com/OffensiveShoddyAvocet
Good floofer,https://gfycat.com/GreedyJampackedCaecilian
Tree Man in Maple Grove,https://gfycat.com/ImmaculateDaringCuttlefish
We need your thoughts and opinions.,https://www.reddit.com/r/MarinersGifs/comments/8v8hln/we_need_your_thoughts_and_opinions/
Angry Gamel (Turn Ahead The Clock Night),https://gfycat.com/BruisedQuaintDinosaur
Segura & Perez hug at home plate,https://gfycat.com/AcclaimedWideeyedGrackle
Haniger thumbs up (Turn Ahead The Clock Night),https://gfycat.com/SpiritedVerifiableIberianmole
Gangster Mariners fan,https://gfycat.com/MadImpoliteGoldenretriever
You dare to bunt against Felix?,https://gfycat.com/BruisedValidAdmiralbutterfly
Segura and Salvadore Perez are best buds,https://gfycat.com/WelloffEthicalIndigowingedparrot
Span thumbs up (TurnAheadClockNight),https://gfycat.com/NearDimpledBird
"Fuck" - Felix Hernandez 6/30/2918,https://gfycat.com/SmallHandsomeBrahmancow
Ichiro "Marco Gonzales" Suzuki,https://v.redd.it/jfqf6yehr8711
Segura The Sniper,https://gfycat.com/GenerousRepulsiveBlackwidowspider
Nelson Cruz WOW at 454 ft. Zunibomb,https://gfycat.com/EachPlushCanadagoose
Dee is Tired from Running Hard,https://gfycat.com/NippyLividIberianbarbel
Dee Celebration After Scoring from 1st,https://gfycat.com/PepperyApprehensiveCrow
Dee tongue,https://gfycat.com/PointedGiddyBrownbear
Dee Gordon's Dugout Antics,https://gfycat.com/DeadKindClownanemonefish
Angry Wade,https://gfycat.com/WaryFaroffAnnashummingbird
Mariners Fan is pissed that Ben wouldnt give him a ball.,https://gfycat.com/WindingPeskyAdamsstaghornedbeetle
Denard Span fake throws to Red Sox crowd,https://gfycat.com/CharmingCreamyBufflehead
Manny Acta pissed at ump,https://gfycat.com/ZigzagSimilarHake
Beer Guy,https://gfycat.com/GiftedInnocentAplomadofalcon
Felix appreciating Denard Span's defense,https://gfycat.com/FluidBruisedKinglet
Segura and Dee Hug it out,https://gfycat.com/FatPlainEeve
Wakanda Forever,https://gfycat.com/GrouchyVacantBedlingtonterrier
Diaz Thumbs up,https://gfycat.com/OrnateDishonestDevilfish
Seager / Segura banter,https://gfycat.com/ShinyHeavyBobcat
Edgar stares into your soul,https://gfycat.com/GivingClumsyGrassspider
Healy bounce off the bag play,https://gfycat.com/GentlePettyLadybug
Healy hates nets,https://gfycat.com/SeveralInconsequentialLarva
Span Eyeroll,https://gfycat.com/BoringPeskyHatchetfish
Span is bowled over by an outfield catch,https://gfycat.com/BlindPitifulAnhinga
"Fuck, Fuck",https://gfycat.com/RightJoyfulHypsilophodon
MarinerFansIRL,https://gfycat.com/TerribleMiserlyCopepod
<3 Angie <3,https://gfycat.com/EmbellishedSlimDove
Ben Gamel's beautiful Oppo swing.,https://gfycat.com/ShamefulGloriousAlaskankleekai
Healy Kisses Fingers,http://www.mlb.com/images/3/8/6/281627386/Healy_KissesFingers_React.gif
Lets Fucking go - Ben Gamel 6/15/2018,https://gfycat.com/AliveInsignificantGlassfrog
Dugout is HYPE!,https://gfycat.com/ObviousVastFluke
The Rob Whalen near-death experience,https://gfycat.com/EsteemedUnconsciousCoati
Even the fans are getting in on the thumbs up!,https://gfycat.com/SarcasticRegularFlyingfox
Shirtless fat guy because why not,https://gfycat.com/OrneryMadGosling
Seager slide into third,https://gfycat.com/UnawareShortBigmouthbass
Kid gets a baseball, adorably hugs his brother/friend.,https://gfycat.com/ElementaryMildJunebug
Dee Gordon High Fives Everyone After Healy's 2nd Home Run of the Night,https://gfycat.com/SmoothWeeAnkole
Fuck you Kyle Seager painting,https://gfycat.com/KindheartedCraftyGoldfish
Jean Segura's Reaction After Meetch and Him Throw Out Valbuena,https://gfycat.com/QuickYoungBoilweevil
Wade is a little happy about a bases loaded strikeout,https://gfycat.com/SafeOccasionalEelelephant
Screaming Happy Healy post Homerun,https://gfycat.com/UnluckyMajesticBelugawhale
Healy in the dugout with Seager but the angle sucks,https://gfycat.com/BetterIncompleteDarwinsfox
Span's amazing earth destroying catch,https://gfycat.com/PerfectWhisperedGrison
Cruz thumbs up,https://gfycat.com/AthleticHelplessBoutu
Marco fired up bases loaded K,https://gfycat.com/LividImpeccableChameleon
Vogelbach's very unenthusiastic thumbs up,https://gfycat.com/HandsomeBreakableGermanspaniel
Span's first Homerun as a Mariner,https://gfycat.com/SlimYellowishIndianelephant
Thyago Vieira wild pitch past ump,https://gfycat.com/ImmaculateZanyBillygoat
Maple Grove Eh,https://gfycat.com/BrokenFrigidHarpyeagle
Seager elbow bump,https://gfycat.com/JointUnitedEskimodog
Healy Helmet Smash,https://gfycat.com/UnderstatedComposedBergerpicard
Felix excited that he didn't get Felix'd,https://gfycat.com/VagueWhisperedHarrierhawk
The King is Back!,https://gfycat.com/UltimateEnormousBarnowl
Dee Gordon celebrates his go-ahead single,https://gfycat.com/OccasionalPerfectLemur
RAISE THE FLAG. FIRST PLACE BABY!!!,https://gfycat.com/ContentMistyArcticfox
Dee doesn't like the call at first,https://gfycat.com/CautiousInsistentAmericancreamdraft
Sleeping Moose,https://gfycat.com/ShadySpecificBluefintuna
Boxing Moose,https://gfycat.com/BrightElatedCassowary
Seager/Paxton Thumbs up,https://gfycat.com/OrnerySatisfiedIndochinesetiger
Seager's messy tag at first base,https://gfycat.com/AcclaimedNaughtyCoqui
Segura clowning Gordon after Angry Healy,https://gfycat.com/PowerlessWatchfulBighornedsheep
Angry Healy,https://gfycat.com/RadiantBonyCats
Sticky Syrup Baseball,https://gfycat.com/ZanyAbleAmericanbulldog
Tagged right in the junk,https://gfycat.com/ImmediateOnlyBunny
Paxton's 500th Strikeout!,https://gfycat.com/ColorfulSoreBasilisk
Huggy bois,https://gfycat.com/ShyLawfulDwarfmongoose
Span Raise those thumbs!,https://gfycat.com/FirstLonelyGalapagoshawk
Haniger mows the lawn catch,https://gfycat.com/EnviousAbsoluteHoverfly
Healy shouts "Let's Go!!!",https://gfycat.com/DazzlingGregariousJabiru
Hair in the wind and im feeling so freeeee.,https://gfycat.com/VacantBriskGoitered
Attention Seeking Fan behind Cruz,https://gfycat.com/LawfulConcernedFlyingsquirrel
Everybody Clap Your Hands,https://gfycat.com/GrandKeenHydra
Gamel's Superman Catch,https://gfycat.com/BlaringBrokenCommongonolek
The Power of Maple,https://gfycat.com/AcclaimedColorlessCassowary
Angels just can't quite get there,https://gfycat.com/GratefulPoshArmadillo
Andreoli's First Major League Hit,https://gfycat.com/LeafyDarlingKarakul
Hold on to your tongues,https://gfycat.com/FaithfulNiceArcticduck
MFW Offday :(,https://gfycat.com/gifs/detail/FeistyPiercingBittern
Heredia and Segura tippy-taps,https://gfycat.com/EducatedZealousAustraliancattledog
Mariners win the series against the Tigers,https://gfycat.com/UnhealthyOrangeGordonsetter
Segura Jubilation,https://gfycat.com/EvergreenLateDobermanpinscher
Segura jumping for joy after HaniGod performs another miracle,https://gfycat.com/SlightLeafyAttwatersprairiechicken
Nothing better than an Inning Ending Double Play.,https://gfycat.com/GroundedUglyAnura
Segura Handshake,https://gfycat.com/GivingUnknownGrayfox
Fan's glove clap,https://gfycat.com/AliveTidyFrilledlizard
Haniger makes an excellent foul catch,https://streamable.com/nj0mq
Double Thumbs up!,https://gfycat.com/CluelessSimplisticAmmonite
Angels are working their way down the AL-W,https://gfycat.com/HiddenMajesticCougar
[Highlight] Zunino throws out Kozma at 2nd,https://gfycat.com/ReflectingUntidyAxisdeer
The Saves Haircut Handshake,https://gfycat.com/DeafeningWelllitDungenesscrab
HaniGod sliding into our DMs like...,https://gfycat.com/ThisMealyGrosbeak
HaniGOD,https://gfycat.com/MintyConfusedBluebreastedkookaburra
Z's Disappointment,https://gfycat.com/KaleidoscopicDishonestIndianhare
Dee and Nelly's special handshake,https://gfycat.com/CrazyValuableLeafwing
Kyle Seager's big fat butt,http://i.imgur.com/DGQZspb.gif
Ken Griffey Jr Animated Swing,https://i.redd.it/gmf2m3mdl9bx.gif
Felix Salute,http://fat.gfycat.com/FelinePiercingAntbear.gif
M's Fan celebration,https://gfycat.com/GoodnaturedKlutzyEmeraldtreeskink
Cano gum-upvote throw,https://gfycat.com/EasySpanishBird
Felix extra life,https://gfycat.com/SillyWellgroomedLaughingthrush
Paxton's Dugout Celebration,https://gfycat.com/InfamousSlimHerring
Rodney Upvote,https://gfycat.com/ThisNegligibleAlaskajingle
Slomo LoMo,https://gfycat.com/PlainPossibleBighornedsheep
Athletics Helmet Slam to lose the game,https://cdn.fansided.com/wp-content/blogs.dir/229/files/2014/07/puntohelmetslam.gif
Angry Brad Miller,http://gfycat.com/ValuableQuarterlyIndianjackal
Robbie Cano's Air Dicks,http://i.imgur.com/7rUMBx3.gif
Brad Miller's wild tongue,http://i.imgur.com/Aa79Bam.gifv
Bored Lloyd at the game,https://i.imgur.com/iJSQP13.gifv
African Bush Viper - LoMo and Seager,https://gfycat.com/HelplessViciousAfricanbushviper
Excited for the new Mariner's Season?,https://gfycat.com/EnchantingBigheartedBoutu
The Mariners 2018 outfield,https://gfycat.com/QuerulousMediocreIcterinewarbler
The Eff was that?,https://imgur.com/RJhgQx6
LoMo Airdicks,https://www.gfycat.com/IllfatedIncompatibleIndigobunting
Healy "wants to go home",https://gfycat.com/BrilliantUnrealisticAngelfish
Healy loses consciousness while eating dessert with Haniger,https://gfycat.com/HorribleLegalBlackwidowspider
Heredia Walkoff Celebration,https://gfycat.com/IndolentScrawnyGoldfish
Cruz Train,https://gfycat.com/ImpureBigheartedEsok
Heredia Walkoff,https://gfycat.com/UltimateTenderGourami
Healy and Gordon Refined Jellyfish Handshake,https://gfycat.com/ComplexBitesizedKudu
Healy and Gordon OG Jellyfish Handshake,https://gfycat.com/MenacingSevereIrukandjijellyfish
Pineapple Bling,https://gfycat.com/HardtofindVillainousFrillneckedlizard
Z's HR Fist-Pump,https://gfycat.com/UnselfishPalatableConey
Z's Throw-Out Fist-Pump,https://gfycat.com/AbleSomberBubblefish
Z's sensual jersey grab,https://gfycat.com/tensereflectingdeviltasmanian
Pineapple Butt Pat,https://gfycat.com/gratefulmeekgarpike
Cotton Candy Girl,https://gfycat.com/enchantedsneakyairedale
Sugar Sparkle,https://gfycat.com/adorableelderlyhellbender
Seager and Cruz Hug,https://gfycat.com/pertinentopulentjay
Seager says, "Fuck You.",https://gfycat.com/calmgoldenjohndory
Seager point and laugh,https://gfycat.com/backcourteousharpseal
Eagle Power,https://gfycat.com/queasyappropriateamericanavocet
Big Maple's Maple Leaf,https://gfycat.com/CloudyForsakenAmethystinepython
The King's Perfect Game,https://gfycat.com/rigidharmfulgodwit
Healy's Fist-Pump Quake,https://gfycat.com/FaroffDependentDragon
Healy and Paxton's No-Hitter Hug,https://gfycat.com/GleamingHandsomeDragon
r/MarinersGifs Search Index / Repository,https://www.reddit.com/r/MarinersGifs/comments/8kaeiq/rmarinersgifs_search_index_repository/
That's What I'm Fucking Talking About, Baby!!!,https://gfycat.com/AnimatedVengefulHeron
The OG Healy and Gordon hug,https://gfycat.com/HiddenColdEagle
Healy Tongue,https://gfycat.com/heartypepperyguernseycow
Gamel Hair-Flip,https://gfycat.com/plaintivenecessaryblackbuck
Dee does The Backpack Kid Dance,https://gfycat.com/YellowishSomeEkaltadeta
Soggy Dee is hugged by Paxton,https://gfycat.com/SoggyUntimelyCoyote
The Dunk-Five,https://gfycat.com/secondaryhorriblecollardlizard
Dee says, "Let's Go!",https://gfycat.com/leafyfortunateamethystinepython
Dee says, "Wow.",https://gfycat.com/criminalnewant
Wilhelmsen Dance,https://gfycat.com/distantdopeyiguana
GIF of Destiny 2018,https://gfycat.com/ObviousViciousGopher
Robbie Hustle Pat-down,https://gfycat.com/VelvetyShimmeringGreatdane
Dee Goes Super Saiyan,https://gfycat.com/GrimFoolhardyLabradorretriever
Cruz LOVES Vogey's Hit It Here HR,https://gfycat.com/BelatedNaughtyGourami
HYPE TRAIN,https://gfycat.com/SeriousCanineGalapagostortoise
Dee and Z,https://gfycat.com/NaughtyInsecureAfricanpiedkingfisher
Boomstick,https://gfycat.com/ampleincompletegopher
Rare footage of Cano taking PEDS,https://cdn.discordapp.com/attachments/438134730190356511/446863265260371988/tenor2.gif
That walkoff feeling.,https://gfycat.com/VerifiableSinfulDassierat
MFW the M's make an error leading to a big inning.,https://gfycat.com/gifs/detail/SpottedQuaintAnchovy